{"cameraMode":{"drawMode":0,"name":"Shaded","section":"Shading Mode"},"sceneLighting":false,"audioPlay":false,"sceneViewState":{"m_AlwaysRefresh":false,"showFog":true,"showSkybox":false,"showFlares":true,"showImageEffects":true,"showParticleSystems":true,"showVisualEffectGraphs":true,"m_FxEnabled":true},"in2DMode":false,"pivot":{"x":7.886070251464844,"y":87.96879577636719,"z":18.907503128051759},"rotation":{"x":-0.09120584279298783,"y":0.09930974990129471,"z":0.009150927886366845,"w":0.9908472895622253},"size":19.20281219482422,"orthographic":false}